Product Code,Product Description,Product Group Name,Brand Name,Sub Product Description
500003,BIEN AIME COLOGNE 50ML,Cologne,Bien Aime,REGULAR COLOGNE
500004,BIEN AIME COLOGNE 100ML,Cologne,Bien Aime,REGULAR COLOGNE
500031,BABY CHERAMY SHAMPOO 125ML old,SHAMPOO,Baby Cheramy,REGULAR SHAMPOO
500034,BIEN AIME COLOGNE 200ML,Cologne,Bien Aime,REGULAR COLOGNE
500047,BABY CHERAMY PRICKLY HEAT 100G,Talc & Powder,Baby Cheramy,PRICKLY HEAT TALC
500053,CLOGARD MOUTHWASH 200ML,MOUTH WASH,Clogard Toothpaste,MOUTH WASH
500069,CAPRI PERFUMED COLOGNE (REG) 30ML,Cologne,Capri,REGULAR COLOGNE
500070,CAPRI PERFUMED COLOGNE (REG) 50ML,Cologne,Capri,REGULAR COLOGNE
500071,CAPRI PERFUMED COLOGNE (SPR) 50ML,Cologne,Capri,REGULAR COLOGNE
500084,DANDEX HAIR CREAM 100ML,Hair Cream,Dandex,HAIR CREAM
500088,DANDEX FAMILY SHAMPOO 100ML,SHAMPOO,DANDEX FAMILY,REGULAR SHAMPOO
500094,DANDEX PLUS SHAMPOO 100ML,SHAMPOO,Dandex,REGULAR SHAMPOO
500095,DANDEX PLUS SHAMPOO 200ML,SHAMPOO,Dandex,REGULAR SHAMPOO
500110,GOLD COLOGNE BLACK JEANS 100ML,Cologne,GOLD,REGULAR COLOGNE
500111,GOLD COLOGNE 50ML,Cologne,GOLD,REGULAR COLOGNE
500112,GOLD COLOGNE 100ML,Cologne,GOLD,REGULAR COLOGNE
500114,GOLD HAIR CREAM 30ML,Hair Cream,GOLD,HAIR CREAM
500115,GOLD HAIR CREAM 100ML,Hair Cream,GOLD,HAIR CREAM
500118,GOLD HAIR GEL 35ML,HAIR GEL,GOLD,HAIR GEL
500119,GOLD HAIR GEL 100ML,HAIR GEL,GOLD,HAIR GEL
500128,GOYA BODY LOTION BLACK ROSE 100ML,BODY LOTION,Goya,BODY LOTION
500129,GOYA BODY LOTION GARDENIYA 100ML,BODY LOTION,Goya,BODY LOTION
500131,GOYA BODY LOTION JASMINE 100ML,BODY LOTION,Goya,BODY LOTION
500132,GOYA TALC BLACK ROSE 100G,Talc & Powder,Goya,REGULAR TALC
500133,GOYA TALC GARDENIYA 100G,Talc & Powder,Goya,REGULAR TALC
500134,GOYA TALC JASMINE 100G,Talc & Powder,Goya,REGULAR TALC
500137,KUMARIKA HAIR OIL 100ML,Oil,KUMARIKA OIL,HAIR OIL
500138,KUMARIKA HAIR OIL 200ML,Oil,KUMARIKA OIL,HAIR OIL
500139,KUMARIKA HAIR OIL 415ML,Oil,KUMARIKA OIL,HAIR OIL
500148,KUMARIKA SHAMPOO NELLI 100ML,SHAMPOO,KUMARIKA,REGULAR SHAMPOO
500156,NIMEX FACIAL TISSUE ASSORTED 160,FACIAL TISSUE,Nimex,FACIAL TISSUE
500157,NIMEX KITCHEN TOWELS 2 IN 1 PACK,KITCHEN TOWELS,Nimex,KITCHEN TOWEL
500158,NIMEX PAPER PLATES ASSORTED 20,PAPER PLATES,Nimex,PAPER PLATES
500159,NIMEX PAPER PLATES PLAIN 20,PAPER PLATES,Nimex,PAPER PLATES
500161,NIMEX PAPER SERVIETTES 1 PLY 50,Paper Serviettes,Nimex,PAPER SERVIETTES
500162,NIMEX PAPER SERVIETTES 1 PLY 100,Paper Serviettes,Nimex,PAPER SERVIETTES
500167,NIMEX TOILET ROLLS SINGLE 350's,TOILET TISSUE,Nimex,TOILETROLLS
500175,PARIS COLOGNE SPR 55ML,Cologne,PARIS,REGULAR COLOGNE
500179,PARIS BODY LOTION FLORAL 100ML,BODY LOTION,PARIS,BODY LOTION
500181,PARIS BODY LOTION SANDALWOOD 100ML,BODY LOTION,PARIS,BODY LOTION
500183,PARIS TALC FLORAL 50G,Talc & Powder,PARIS,FLORAL TALC
500184,PARIS TALC FLORAL 85G,Talc & Powder,PARIS,FLORAL TALC
500189,PARIS TALC SANDALWOOD 85G,Talc & Powder,PARIS,SANDALWOOD TALC
500193,PROSPORT AFTERSHAVE DEEP 100ML,PS Cologne & Aftershave,ProSport,COLOGNE & AFTERSHAVE
500194,PROSPORT AFTERSHAVE EXTREME 100ML,PS Cologne & Aftershave,ProSport,COLOGNE & AFTERSHAVE
500195,PROSPORT AFTERSHAVE INTENSE 100ML,PS Cologne & Aftershave,ProSport,COLOGNE & AFTERSHAVE
500196,PROSPORT COLOGNE DEEP SPR 100ML,PS Cologne & Aftershave,ProSport,COLOGNE & AFTERSHAVE
500200,PROSPORT COLOGNE EXTREME SPR 100ML,PS Cologne & Aftershave,ProSport,COLOGNE & AFTERSHAVE
500202,PROSPORT COLOGNE INTENSE SPR 100ML,PS Cologne & Aftershave,ProSport,COLOGNE & AFTERSHAVE
500203,PROSPORT HAIR CREAM 30ML,Hair Cream,ProSport,HAIR CREAM
500204,PROSPORT HAIR CREAM 100ML,Hair Cream,ProSport,HAIR CREAM
500207,PROSPORT HAIR GEL 35ML,HAIR GEL,ProSport,HAIR GEL
500208,PROSPORT HAIR GEL 100ML,HAIR GEL,ProSport,HAIR GEL
500209,PROSPORT GEL AQUA WET LOOK  30ML,HAIR GEL,ProSport,HAIR GEL
500210,PROSPORT GEL AQUA WET LOOK  100ML,HAIR GEL,ProSport,HAIR GEL
500224,NIMEX FACIAL TISSUE ASSORTED 50,FACIAL TISSUE,Nimex,FACIAL TISSUE
500274,NIMEX TOILET ROLLS VALUE PACK SINGLE,TOILET TISSUE,Nimex,TOILETROLLS
500548,GOYA COLOGNE BLACK ROSE SPR 35ML,Cologne,Goya,REGULAR COLOGNE
500549,GOYA COLOGNE LAVENDAR SPR 35ML,Cologne,Goya,REGULAR COLOGNE
500551,GOYA COLOGNE JASMINE SPR 35ML,Cologne,Goya,REGULAR COLOGNE
500552,GOYA COLOGNE GARDENIA SPR 35ML,Cologne,Goya,REGULAR COLOGNE
500664,NIMEX PAPER SERVIETS 1PLY 100 PROMO new,Paper Serviettes,Nimex,PAPER SERVIETTES
500749,KUMARIKA SHAMPOO HIBISCUS 100ML,SHAMPOO,KUMARIKA,REGULAR SHAMPOO
500781,DANDEX ANTI DANDRUFF HAIR GEL 30ML,HAIR GEL,Dandex,HAIR GEL
500784,PARIS JASMINE COLOGNE SPR 50ML,Cologne,PARIS,REGULAR COLOGNE
500815,CAPRI SHIMMER COLOGNE (SPR) 50ML,Cologne,Capri,REGULAR COLOGNE
500838,NIMEX FACIAL TISSUE - CAR PACK,FACIAL TISSUE,Nimex,FACIAL TISSUE
500887,CAPRI SHIMMER COLOGNE (REG) 30ML,Cologne,Capri,REGULAR COLOGNE
501023,FEMS LOOPED TOWELS 10 PACK,Sanitary Towels,Fems,SANITARY LOOP
501024,FEMS PRESSON TOWELS 10 PACK,Sanitary Towels,Fems,SANITARY PRESS ON
501025,FEMS COMBI PRESSON TOWELS 10 PACK,Sanitary Towels,Fems,SANITARY PRESS ON
501026,FEMS PRESSON TOWELS 5 PACK MFD,Sanitary Towels,Fems,SANITARY PRESS ON
501033,GOYA BODY SPR STRESSED OUT (LA) 75ML,BODY SPRAY,Goya,BODY SPRAY
501034,GOYA BODY SPR WAKEUP (SC) 75ML,BODY SPRAY,Goya,BODY SPRAY
501035,GOYA BODY SPR PODIUM (MM) 75ML,BODY SPRAY,Goya,BODY SPRAY
501083,PARIS TALC JASMINE 50G,Talc & Powder,PARIS,JASMINE TALC
501084,PARIS TALC JASMINE 85G,Talc & Powder,PARIS,JASMINE TALC
501143,NIMEX FACIAL TISSUE ASSORTED 100,FACIAL TISSUE,Nimex,FACIAL TISSUE
501151,FEMS SLIM NAPKIN 10 PACK,Sanitary Towels,Fems,SANITARY SLIM
501170,GOLD COLOGNE OBSESSION SPR 100ML,Cologne,GOLD,REGULAR COLOGNE
501207,BABY CHERAMY CREAM 100ML+FR BC SOAP 75G,CREAM,Baby Cheramy,REGULAR CREAM
501283,GOYA BODY SPR STARRY NIGHT (SN) 75ML,BODY SPRAY,Goya,BODY SPRAY
501359,KUMARIKA SHAMPOO NILAVARIYA 115ML,SHAMPOO,KUMARIKA,REGULAR SHAMPOO
501361,KUMARIKA ALOE CONDITIONER 115ML,SHAMPOO,KUMARIKA,CONDITIONER BOTTLE
501362,VELVET ROSE HANDWASH REFILL PACK 200ML,HAND WASH,Velvet,HAND WASH
501364,VELVET ROSE HAND WASH PUMP PACK 250ML,HAND WASH,Velvet,HAND WASH
501365,VELVET SANDALWOOD HAND WASH PUMP PK250ML,HAND WASH,Velvet,HAND WASH
501383,NIMEX TOILET TISSUE 350 SHEETS UB,TOILET TISSUE,Nimex,TOILETROLLS
501384,NIMEX TOILET TISSUE 245 SHEETS UB,TOILET TISSUE,Nimex,TOILETROLLS
501394,KUMARIKA SHAMPOO ALOE 115ML,SHAMPOO,KUMARIKA,REGULAR SHAMPOO
501396,KUMARIKA SHAMPOO HERBAL 115ML,SHAMPOO,KUMARIKA,REGULAR SHAMPOO
501413,BABY CHERAMY TOY COLOGNE 3 PK (2LD+1BD),Cologne,Baby Cheramy,PLASTIC BOTTLE COLOGNE
501442,BABY CHERAMY SOAP FLOWER MOIST  75G,Soap,Baby soap,FLORAL SOAP
501453,BABY CHERAMY COLOGNE 50ML,Cologne,Baby Cheramy,REGULAR COLOGNE
501454,BABY CHERAMY COLOGNE 100ML,Cologne,Baby Cheramy,REGULAR COLOGNE
501455,BABY CHERAMY COLOGNE 200ML,Cologne,Baby Cheramy,REGULAR COLOGNE
501456,BABY CHERAMY FLOWER COLOGNE 50ML,Cologne,Baby Cheramy,FLOWER COLOGNE
501457,BABY CHERAMY FLOWER COLOGNE 100ML,Cologne,Baby Cheramy,FLOWER COLOGNE
501458,BABY CHERAMY FLOWER COLOGNE 200ML,Cologne,Baby Cheramy,FLOWER COLOGNE
501459,BABY CHERAMY SOAP 75G,Soap,Baby soap,REGULAR SOAP
501460,BABY CHERAMY SOAP ALOE VERA  75G,Soap,Baby soap,HERBAL SOAP
501461,BABY CHERAMY SOAP ECONOMY PACK,Soap,Baby soap,REGULAR SOAP
501462,BABY CHERAMY GIFT BOX PINK,GIFT BOX,Baby Cheramy,GIFT BOX
501463,BABY CHERAMY GIFT BOX BLUE,GIFT BOX,Baby Cheramy,GIFT BOX
501465,BABY CHERAMY CREAM 50ML,CREAM,Baby Cheramy,REGULAR CREAM
501466,BABY CHERAMY CREAM 100ML,CREAM,Baby Cheramy,REGULAR CREAM
501467,BABY CHERAMY CREAM 200ML,CREAM,Baby Cheramy,REGULAR CREAM
501468,BABY CHERAMY ALOE CREAM 50ML,CREAM,Baby Cheramy,HERBAL CREAM
501469,BABY CHERAMY ALOE CREAM 100ML,CREAM,Baby Cheramy,HERBAL CREAM
501470,BABY CHERAMY ALOE CREAM 200ML,CREAM,Baby Cheramy,HERBAL CREAM
501471,BABY CHERAMY MILK CREAM 50ML,CREAM,Baby Cheramy,MILK CREAM
501472,BABY CHERAMY MILK CREAM 100ML,CREAM,Baby Cheramy,MILK CREAM
501473,BABY CHERAMY NAPPY RASH CREAM 100ML,CREAM,Baby Cheramy,NAPPY RASH CREAM
501474,BABY CHERAMY SHAMPOO 125ML,SHAMPOO,Baby Cheramy,REGULAR SHAMPOO
501475,BABY CHERAMY SHAMPOO 250ML,SHAMPOO,Baby Cheramy,REGULAR SHAMPOO
501476,BABY CHERAMY OIL 65ML,Oil,Baby Cheramy,REGULAR OIL
501477,BABY CHERAMY OIL 125ML,Oil,Baby Cheramy,REGULAR OIL
501478,BABY CHERAMY OIL 250ML,Oil,Baby Cheramy,REGULAR OIL
501479,BABY CHERAMY ALOE OIL 125ML,Oil,Baby Cheramy,HERBAL OIL
501480,BABY CHERAMY TALC 100G,Talc & Powder,Baby Cheramy,REGULAR TALC
501481,BABY CHERAMY TALC 200G,Talc & Powder,Baby Cheramy,REGULAR TALC
501482,BABY CHERAMY FLOWER TALC 100G,Talc & Powder,Baby Cheramy,FLORAL TALC
501483,BABY CHERAMY FLOWER TALC 200G,Talc & Powder,Baby Cheramy,FLORAL TALC
501484,BABY CHERAMY PRICKLY HEAT POWDER 100G,Talc & Powder,Baby Cheramy,PRICKLY HEAT TALC
501485,CHERAMY FEEDING BOTTEL 120ML,FEEDING BOTTLE,Cheramy,FEEDING BOTTLE
501486,CHERAMY FEEDING BOTTEL 240ML,FEEDING BOTTLE,Cheramy,FEEDING BOTTLE
501487,CHERAMY TEATS,TEATS,Cheramy,TEAT
501488,CHERAMY X CUT TEATS,TEATS,Cheramy,TEAT
501489,CHERAMY NAPPY WASH POWDER 400G,NAPPY WASH POWDER,Cheramy,NAPPY WASH POWDER
501490,CHERAMY NAPPY WASH POWDER 1KG,NAPPY WASH POWDER,Cheramy,NAPPY WASH POWDER
501514,BABY CHERAMY COLOGNE BABY DOLL 125ML,Cologne,Baby Cheramy,PLASTIC BOTTLE COLOGNE
501515,BABY CHERAMY COLOGNE TEDDY BEAR 125ML,Cologne,Baby Cheramy,PLASTIC BOTTLE COLOGNE
501516,BABY CHERAMY COLOGNE LUCKY DUCKY 125ML,Cologne,Baby Cheramy,PLASTIC BOTTLE COLOGNE
501520,BABY CHERAMY TOY COLOGNE 3PACK PROMO,Cologne,Baby Cheramy,PLASTIC BOTTLE COLOGNE
501524,GOYA BODY SPR SUMMER KISS 75ML,BODY SPRAY,Goya,BODY SPRAY
501525,GOLD COLOGNE COMMANDO SPR 100ML,Cologne,GOLD,REGULAR COLOGNE
501538,BABY CHERAMY TALC 400G,Talc & Powder,Baby Cheramy,REGULAR TALC
501541,BC CREAM 100ML+FREE BC FLOWER SOAP 75G,CREAM,Baby Cheramy,REGULAR CREAM
501575,PARIS JASMINE COLOGNE SPR 50ML+FRBRACELT,Cologne,PARIS,REGULAR COLOGNE
501577,KUMARIKA SHAM SALOON PK 1L ALOVERA,SHAMPOO,KUMARIKA,REGULAR SHAMPOO
501578,KUMARIKA SHAM SALOON PK 1L HERBAL,SHAMPOO,KUMARIKA,REGULAR SHAMPOO
501585,FEMS SLIM PRESSON NON WINGS 10 PACK,Sanitary Towels,Fems,SANITARY SLIM
501586,CLOGARD MOUTHWASH 50ML,MOUTH WASH,Clogard Toothpaste,MOUTH WASH
501597,PRO HAIR GEL EXTREME FIRM HOLD 120ML,HAIR GEL,ProSport,HAIR GEL
501598,PRO HAIR GEL WET SHINE 120ML,HAIR GEL,ProSport,HAIR GEL
501599,PRO HAIR GEL FIRM HOLD 120ML,HAIR GEL,ProSport,HAIR GEL
501601,PROSPORT EDT HEAT SEEKER  SPR 100ML,Cologne,ProSport,COLOGNE & AFTERSHAVE
501602,PROSPORT EDT CHILL FACTOR  SPR 100ML,Cologne,ProSport,COLOGNE & AFTERSHAVE
501605,BABY CHERAMY CREAM 400ML,CREAM,Baby Cheramy,REGULAR CREAM
501613,BIEN AIME COLOGNE 100ML +50ML FREE PROMO,Cologne,Bien Aime,REGULAR COLOGNE
501623,BABY CHERAMY SOAP ECOPACK REG+FLSOP75 FR,Soap,Baby soap,SOAP PROMOS
501639,KUMARIKA SHM ALOE 115ML+KM CONDITI ALOE,SHAMPOO,KUMARIKA,REGULAR SHAMPOO
501645,PROSPORT COL EXTSPR100ML+FH HAIR GEL30ML,PS Cologne & Aftershave,ProSport,COLOGNE & AFTERSHAVE
501650,PROSPORT COL DEEPSPR100ML+WETLOOKGEL30ML,PS Cologne & Aftershave,ProSport,COLOGNE & AFTERSHAVE
501656,GOYA BODY SPR SECRET CRU + BRACELET 75ML,BODY SPRAY,Goya,BODY SPRAY
501659,GOYA BODY SPR SUMMER KISS+ BRACELET 75ML,BODY SPRAY,Goya,BODY SPRAY
501668,PARIS TALC FLORAL 85G+FR FLO 50G,Talc & Powder,PARIS,FLORAL TALC
501669,PARIS TALC JASMINE 85G+FR JAS 50G,Talc & Powder,PARIS,JASMINE TALC
501670,PARIS TALC SANWOOD 85G+FR FLO 50G,Talc & Powder,PARIS,SANDALWOOD TALC
501671,PARIS TALC SANWOOD 85G+FR JAS 50G,Talc & Powder,PARIS,SANDALWOOD TALC
501674,BC CREAM 100ML+BC REG CREAM 50ML FREE,CREAM,Baby Cheramy,REGULAR CREAM
501693,DANDEX FAMILY SHAMPOO 200ML,SHAMPOO,DANDEX FAMILY,REGULAR SHAMPOO
501702,BABY CHERAMY SOAP FLOWER  ECO PACK,Soap,Baby soap,FLORAL SOAP
501704,GOYA BODY SPR SECRETCRUSH+SUMMERKIS 75ML,BODY SPRAY,Goya,BODY SPRAY
501717,FEMS SLIM WINGS 5 PACK,Sanitary Towels,Fems,SANITARY SLIM
501719,FEMS SLIM WINGS 10 PACK,Sanitary Towels,Fems,SANITARY SLIM
501733,GODREJ RENEW COLOR CREAM BLACK 50ML,HAIR DYE,GODREJ,HAIR CREAM
501734,GODREJ RENEW COLOR CREAM BROWN 50ML,HAIR DYE,GODREJ,HAIR CREAM
501735,GODREJ RENEW COLOR CREAM BURGUNDY 50ML,HAIR DYE,GODREJ,HAIR CREAM
501737,BC COLOGNE 100ML+BC MILK CREAM 50ML FREE,Cologne,Baby Cheramy,REGULAR COLOGNE
501743,DANDEX PLUS OIL 100ML,Oil,Dandex,HAIR OIL
501745,CAPRI COLOGNE SPR 50ML+FREE NAIL POLISH,Cologne,Capri,REGULAR COLOGNE
501746,CAPRI SHIMMER COL SPR50 ML+F NAIL POLISH,Cologne,Capri,REGULAR COLOGNE
501748,PROSPORT COLOGNE EXPLORER  SPR 100ML,PS Cologne & Aftershave,ProSport,COLOGNE & AFTERSHAVE
501763,KUMARIKA ANTIDANDRUFF HAIR OIL 100ML,Oil,KUMARIKA OIL,HAIR OIL
501764,KUMARIKA SPLIT END CONTROL HAIROIL 100ML,Oil,KUMARIKA OIL,HAIR OIL
501765,KUMARIKA ANTIDANDRUFF HAIR OIL 200ML,Oil,KUMARIKA OIL,HAIR OIL
501766,KUMARIKA SPLIT END CONTROL HAIROIL 200ML,Oil,KUMARIKA OIL,HAIR OIL
501785,NIMEX TOILET TISSUE SINGLE 340's,TOILET TISSUE,Nimex,TOILETROLLS
501803,KUMARIKA HAIR OIL 200ML+CLOGARD 40G FREE,Oil,KUMARIKA OIL,HAIR OIL
501821,FEMS PRESSON TOWELS 10 PACK new,Sanitary Towels,Fems,SANITARY PRESS ON
501833,KUMARIKA HAIR OIL 200ML+VEVVET ROSE 100G,Oil,KUMARIKA,HAIR OIL
501861,KM SHAMP RICE SPLIT END CONTROL 100ML,SHAMPOO,KUMARIKA,REGULAR SHAMPOO
501862,KM SHAMP ALOEVER DRYNESS CONTROL 100ML,SHAMPOO,KUMARIKA,REGULAR SHAMPOO
501863,KM SHAMPO HERBAL HAIR FALL COTROL 100ML,SHAMPOO,KUMARIKA,REGULAR SHAMPOO
501864,KM SHAMP RICE SPLIT END CONTROL 200ML,SHAMPOO,KUMARIKA,REGULAR SHAMPOO
501865,KM SHAMP ALOEVER DRYNESS CONTROL 200ML,SHAMPOO,KUMARIKA,REGULAR SHAMPOO
501866,KM SHAMPO HERBAL HAIR FALL COTROL 200ML,SHAMPOO,KUMARIKA,REGULAR SHAMPOO
501870,KUMARIKA FACE WASH AVACADO 100ML,FACE WASH,KUMARIKA,FACE WASH
501871,KUMARIKA FACE WASH PAPAYA 100ML,FACE WASH,KUMARIKA,FACE WASH
501872,KUMARIKA FACE WASH ORANGE PEEL 100ML,FACE WASH,KUMARIKA,FACE WASH
501893,BABY CHERAMY TOY COLOGNE 3PACK -NEW PACK,Cologne,Baby Cheramy,PLASTIC BOTTLE COLOGNE
501895,GOLD COLOGNE COOL SPLASH  100ML,Cologne,GOLD,REGULAR COLOGNE
501914,KUMARIKA FACE WASH AVACADO 50ML,FACE WASH,KUMARIKA,FACE WASH
501915,KUMARIKA FACE WASH PAPAYA 50ML,FACE WASH,KUMARIKA,FACE WASH
501916,KUMARIKA FACE WASH ORANGE PEEL 50ML,FACE WASH,KUMARIKA,FACE WASH
501993,FEMS SLIM 10PK BUY 1 GET RS.7/= OFF,Sanitary Towels,Fems,SANITARY SLIM
502014,DANDEX ASSORTED SINGLE PACK,SHAMPOO,Dandex,REGULAR SHAMPOO
502043,DIVA DETERGENT POWDER 32G new,Sachet,DIVA,DETERGENT SACHET PACKS
502069,VELVET HAND WASH+100G VV SOAP F ROSE,HAND WASH,Velvet,HAND WASH
502070,VELVET HAND WASH+100G VV SOAP F SANWOOD,HAND WASH,Velvet,HAND WASH
502072,DX COOLING HAIR OIL 100ML F GL GEL 30ML,Oil,Dandex,HAIR OIL
502073,GOYA BODY SPR LOVE AFFAIR +NMX PKET TIS,BODY SPRAY,Goya,BODY SPRAY
502074,GOYA BODY SPR SECRETCRUSH+FR NMX PKT TIS,BODY SPRAY,Goya,BODY SPRAY
502075,GOYA BODY SPR MISCHIMAKER+FR NMX PKT TIS,BODY SPRAY,Goya,BODY SPRAY
502077,BABY CHERAMY CREAM 100+50ML KMFW PAPAYA,CREAM,Baby Cheramy,REGULAR CREAM
502116,GOYA COL S BLACK ROSE 35ML& BODY LOTION,Cologne,Goya,REGULAR COLOGNE
502120,GOYA COL S BLACK ROSE 35ML& BODY LOTION,Cologne,Goya,REGULAR COLOGNE
502127,GOYA BODY SPR 75ML NEW SUMMER KISS,BODY SPRAY,Goya,BODY SPRAY
502145,PARIS TALC FLORAL 50G New,Talc & Powder,PARIS,FLORAL TALC
502146,PARIS TALC FLORAL 85G New,Talc & Powder,PARIS,FLORAL TALC
502147,PARIS TALC SANDALWOOD 85G New,Talc & Powder,PARIS,SANDALWOOD TALC
502148,PARIS TALC JASMINE 50G New,Talc & Powder,PARIS,JASMINE TALC
502149,PARIS TALC JASMINE 85G NEW,Talc & Powder,PARIS,JASMINE TALC
502186,KM SHAMP 100ML 6+ KM FW 50ML6+ FREE MUG,SHAMPOO,KUMARIKA,REGULAR SHAMPOO
502187,KM OIL 6+KMSHMP.6+KMFW6+ FREE UMBRELLA,Oil,KUMARIKA,REGULAR SHAMPOO
502188,BABY CHERAMY TOY COLOGNE 3 PK (2LD+1TB),Cologne,Baby Cheramy,PLASTIC BOTTLE COLOGNE
502192,DANDEX  HAIR OIL 100ML F DX GEL SAC 4G,Oil,Dandex,HAIR OIL
502193,DANDEX FAMILY SHAM200ML+40G CLOGARD FREE,SHAMPOO,DANDEX FAMILY,REGULAR SHAMPOO
502206,GOLD DEO SPRAY CHALLENGE 150ML,BODY SPRAY,GOLD,DEO SPRAY
502207,GOLD DEO SPRAY BLAZEL 150ML,BODY SPRAY,GOLD,DEO SPRAY
502208,BABY CHERAMY MILK BATH 100ML,BATH,Baby Cheramy,MILK BATH
502209,BABY CHERAMY MILK BATH 200ML,BATH,Baby Cheramy,MILK BATH
502224,KM HERBAL SHM 200ML+50ML KM FW (ORANGE),SHAMPOO,KUMARIKA,REGULAR SHAMPOO
502225,KM HERBAL SHM 200ML+50ML KM FW (AVACADO),SHAMPOO,KUMARIKA,REGULAR SHAMPOO
502226,KM HERBAL SHM 200ML+50ML KM FW (PAPAYA),SHAMPOO,KUMARIKA,REGULAR SHAMPOO
502227,BC COLOGNE 100MLWITH FREE BC SOAP 75G,Cologne,Baby Cheramy,REGULAR COLOGNE
502229,GOYA PREMIUM COLOGNE 80ML ISLAND PARTY,Cologne,COMMON BRAND (PS GL GY),REGULAR COLOGNE
502230,GOYA PREMIUM COLOGNE 100ML PARTY MOOD,Cologne,COMMON BRAND (PS GL GY),REGULAR COLOGNE
502231,GOLD PREMIUM COLOGNE 1MILLION GOLD100ML,Cologne,COMMON BRAND (PS GL GY),REGULAR COLOGNE
502232,GOLD PREMIUM COLOGNE BLACK NOIR 100ML,Cologne,COMMON BRAND (PS GL GY),REGULAR COLOGNE
502233,PROSPORT COL 100ML CASTLERED SPEC.EDIT1,Cologne,COMMON BRAND (PS GL GY),REGULAR COLOGNE
502234,PROSPORT COL 100ML BLUEICE SPEC.EDIT2,Cologne,COMMON BRAND (PS GL GY),REGULAR COLOGNE
502241,GOYA BODY SPR 75ML LOVE AFFAIR,BODY SPRAY,Goya,BODY SPRAY
502242,GOYA BODY SPR 75ML SECRET CRUSH,BODY SPRAY,Goya,BODY SPRAY
502243,GOYA BODY SPR 75ML MISCHIEF MAKER,BODY SPRAY,Goya,BODY SPRAY
502246,KM ASSOTED PK(SH 100ML6+OIL 100ML6)F MUG,SHAMPOO,KUMARIKA,REGULAR SHAMPOO
502257,KUMARIKAHAIROIL S/E100ML+VELVET SOAPFREE,Oil,KUMARIKA OIL,HAIR OIL
502258,KUMARIKAHAIROIL D/C100ML+VELVET SOAPFREE,Oil,KUMARIKA OIL,HAIR OIL
502259,KUMARIKAHAIROIL S/E200ML+VELVET SOAPFREE,Oil,KUMARIKA OIL,HAIR OIL
502265,CHERAMY TOUCH FACE WASH 100ML,BODY LOTION,CHERAMY TOUCH,FACE WASH
502266,CHERAMY TOUCH FACE CREAM 30G,BODY LOTION,CHERAMY TOUCH,FACE CREAM
502267,CHERAMY TOUCH BODY LOT 100ML LIGHTENING,BODY LOTION,CHERAMY TOUCH,BODY LOTION
502268,CHERAMY TOUCH BODY LOT 100ML HYDRATING,BODY LOTION,CHERAMY TOUCH,BODY LOTION
502269,CHERAMY TOUCH BODY LOT 200ML LIGHTENING,BODY LOTION,CHERAMY TOUCH,BODY LOTION
502270,CHERAMY TOUCH BODY LOT 200ML HYDRATING,BODY LOTION,CHERAMY TOUCH,BODY LOTION
502271,CHERAMY TOUCH BODY WASH 250ML,BODY LOTION,CHERAMY TOUCH,BODY WASH
502290,PRO DEO SPRAY HEATSEEKER 150ML,BODY SPRAY,ProSport,DEO SPRAY
502291,PRO DEO SPRAY CHILLFACTOR 150ML,BODY SPRAY,ProSport,DEO SPRAY
502292,PRO DEO SPRAY FRESHCURRENT 150ML,BODY SPRAY,ProSport,DEO SPRAY
502294,BABY CHERAMY GIFT PACK LIMITED EDTION,GIFT BOX,Baby Cheramy,GIFT BOX
502295,BABY CHERAMY CREAM 100ML+FR BC SOAP 75G,CREAM,Baby Cheramy,REGULAR CREAM
502303,BABY CHERAMY ECO PACK+VV HAND WASH 50ML,Soap,Baby soap,REGULAR SOAP
502307,FEMS SLIM WINGS 10 PK PRO (2 NAPKINS FR),Sanitary Towels,Fems,SANITARY SLIM
502315,KUMARIKA HAIR OIL 100ML+ FW 50ML 60/=OFF,Oil,KUMARIKA OIL,HAIR OIL
502316,KUMARIKA HAIR OIL 200ML+FW 100ML 95/=OFF,Oil,KUMARIKA OIL,HAIR OIL
502327,BC COLOGNE 100ML WITH BC FLOWER SOAP 75G,Cologne,Baby Cheramy,REGULAR COLOGNE
502333,KUMARIKA HERBAL HAIR OIL 50ML,Oil,KUMARIKA OIL,HAIR OIL
502343,GD RENEW CRM 50ML NATU BROWN 12P PRI OFF,HAIR DYE,GODREJ,HAIR CREAM
502344,GOLD COLOGNE BLACK JEANS 100MLNEW,Cologne,GOLD,REGULAR COLOGNE
502345,GOLD COLOGNE CLASSIC 100MLNEW,Cologne,GOLD,REGULAR COLOGNE
502346,GOLD COLOGNE CLASSIC50ML,Cologne,GOLD,REGULAR COLOGNE
502347,GOLD COLOGNE COMMANDO SPR 100ML NEW,Cologne,GOLD,REGULAR COLOGNE
502348,GOLD COLOGNE COOL SPLASH  100ML NEW,Cologne,GOLD,REGULAR COLOGNE
502352,PROSPORT AFTERSHAVE DEEP 90ML,PS Cologne & Aftershave,ProSport,COLOGNE & AFTERSHAVE
502353,PROSPORT AFTERSHAVE EXTREME 90ML,PS Cologne & Aftershave,ProSport,COLOGNE & AFTERSHAVE
502356,KUMARIKA HERBAL HAIR OIL 50ML HANGER PRO,Oil,KUMARIKA OIL,HAIR OIL
502359,DANDEX PLUS SHAMPOO 100ML NEW,SHAMPOO,Dandex,REGULAR SHAMPOO
502360,DANDEX PLUS SHAMPOO 200ML NEW,SHAMPOO,Dandex,REGULAR SHAMPOO
502362,DANDEX FAMILY SHAMPOO 100ML NEW,SHAMPOO,DANDEX FAMILY,REGULAR SHAMPOO
502363,DANDEX FAMILY SHAMPOO 200ML NEW,SHAMPOO,DANDEX FAMILY,REGULAR SHAMPOO
502373,VELVET ROSE HW 250ML+(KOHOMBA+ALOE) FR,HAND WASH,Velvet,HAND WASH
502374,VELVET SANDAL HW 250ML+(KOHOMBA+ALOE) FR,HAND WASH,Velvet,HAND WASH
502376,FEMS SUPERIOR HEAVYFLOW PROTECTION 8PK,Sanitary Towels,Fems,SANITARY SLIM WINGS
502379,FEMS ACTIVE SLIM WINGS 10 PACK YR13,Sanitary Towels,Fems,SANITARY SLIM WINGS
502380,FEMS ACTIVE SLIM WINGS DRYTEX 10 PK YR13,Sanitary Towels,Fems,SANITARY SLIM WINGS
502395,GOLD COLOGNE BLACKJEANS 50ML,Cologne,GOLD,REGULAR COLOGNE
502403,GOYA COLOGNE BLACK ROSE SPR35ML + BANGLE,Cologne,Goya,REGULAR COLOGNE
502404,GOYA COLOGNE JASMINE SPR 35ML + BANGLE,Cologne,Goya,REGULAR COLOGNE
502405,GOLD DEO SPRAY CHALLENGE 150ML WITHPOUCH,BODY SPRAY,GOLD,DEO SPRAY
502406,GOLD DEO SPRAY BLAZE 150ML WITH POUCH,BODY SPRAY,GOLD,DEO SPRAY
502409,GOLD COLOGNE HOT SPLASH  100ML NEW,Cologne,GOLD,REGULAR COLOGNE
502415,CHERAMY NAPPY WASH POW750G+FRE CANISTER,NAPPY WASH POWDER,Cheramy,NAPPY WASH POWDER
502427,BABY CHERAMY SOAP 75G YR-14,Soap,Baby soap,REGULAR SOAP
502428,BABY CHERAMY SOAP ECONOMY PACK,Soap,Baby soap,REGULAR SOAP
502429,BABY CHERAMY COLOGNE REGULAR 50ML,Cologne,Baby Cheramy,REGULAR COLOGNE
502430,BABY CHERAMY COLOGNE REGULAR 100ML,Cologne,Baby Cheramy,REGULAR COLOGNE
502432,BABY CHERAMY COLOGNE REGULAR 200ML,Cologne,Baby Cheramy,REGULAR COLOGNE
502433,BABY CHERAMY REGULAR CREAM 50ML YR14,CREAM,Baby Cheramy,REGULAR CREAM
502434,BABY CHERAMY REGULAR CREAM 100ML YR 14,CREAM,Baby Cheramy,REGULAR CREAM
502435,BABY CHERAMY REGULAR CREAM 200ML YR14,CREAM,Baby Cheramy,REGULAR CREAM
502436,BABY CHERAMY REGULAR CREAM 400ML YR14,CREAM,Baby Cheramy,REGULAR CREAM
502437,BABY CHERAMY REGULAR TALC 100G YR14,Talc & Powder,Baby Cheramy,REGULAR TALC
502438,BABY CHERAMY REGULAR TALC 200G YR14,Talc & Powder,Baby Cheramy,REGULAR TALC
502439,BABY CHERAMY REGULAR OIL 50ML YR14,Oil,Baby Cheramy,REGULAR OIL
502440,BABY CHERAMY REGULAR OIL 100ML YR14,Oil,Baby Cheramy,REGULAR OIL
502441,BABY CHERAMY SHAMPOO 100ML,SHAMPOO,Baby Cheramy,REGULAR SHAMPOO
502442,BABY CHERAMY SHAMPOO REGULAR 200ML YR14,SHAMPOO,Baby Cheramy,REGULAR SHAMPOO
502443,BABY CHERAMY LOTION REGULAR 50ML,BODY LOTION,Baby Cheramy,CREAM LOTION
502444,BABY CHERAMY LOTION REGULAR 100ML YR14,BODY LOTION,Baby Cheramy,CREAM LOTION
502445,BABY CHERAMY NAPPY RASH CREAM 100ML YR14,CREAM,Baby Cheramy,NAPPY RASH CREAM
502446,BABY CHERAMY PRICKLY HEAT POWDER100GYR14,Talc & Powder,Baby Cheramy,PRICKLY HEAT TALC
502447,BABY CHERAMY SOAP HERBAL  75G,Soap,Baby soap,HERBAL SOAP
502448,BABY CHERAMY COLOGNE HERBAL 50ML,Cologne,Baby Cheramy,HERBAL COLOGNE
502449,BABY CHERAMY COLOGNE HERBAL 100ML,Cologne,Baby Cheramy,HERBAL COLOGNE
502450,BABY CHERAMY CREAM HERBAL50ML,CREAM,Baby Cheramy,HERBAL CREAM
502451,BABY CHERAMY CREAM HERBAL 100ML,CREAM,Baby Cheramy,HERBAL CREAM
502452,BABY CHERAMY CREAM HERBAL 200ML,CREAM,Baby Cheramy,HERBAL CREAM
502453,BABY CHERAMY OIL HERBAL 50ML,Oil,Baby Cheramy,HERBAL OIL
502454,BABY CHERAMY OIL HERBAL 100ML,Oil,Baby Cheramy,HERBAL OIL
502455,BABY CHERAMY SOAP FLORALMILK 75G YR14,Soap,Baby soap,MILK SOAP
502456,BABY CHERAMY SOAP FLORALMILKECONOMY PACK,Soap,Baby soap,MILK SOAP
502457,BABY CHERAMY COLOGNE FLORALMILK 50MLYR14,Cologne,Baby Cheramy,FLOWER COLOGNE
502458,BABY CHERAMY COLOGNE FLORALMILK100MLYR14,Cologne,Baby Cheramy,FLOWER COLOGNE
502459,BABY CHERAMY TALC FLORALMILK 100G YR14,Talc & Powder,Baby Cheramy,FLORAL TALC
502460,BABY CHERAMY TALC FLORALMILK 200G YR14,Talc & Powder,Baby Cheramy,FLORAL TALC
502461,BABY CHERAMY LOTION FLORALMILK 50ML,BODY LOTION,Baby Cheramy,CREAM MILK LOTION
502462,BABY CHERAMY LOTION FLORALMILK 100ML,BODY LOTION,Baby Cheramy,CREAM MILK LOTION
502465,BABY CHERAMY SOAP BEDTIME  75G,Soap,Baby soap,BEDTIME SOAP
502466,BABY CHERAMY COLOGNE BEDTIME 50MLYR14,Cologne,Baby Cheramy,COLOGNE BEDTIME
502467,BABY CHERAMY COLOGNE BEDTIME 100MLYR14,Cologne,Baby Cheramy,COLOGNE BEDTIME
502468,BABY CHERAMY LOTION BEDTIME 50ML YR14,BODY LOTION,Baby Cheramy,CREAM MILK LOTION
502469,BABY CHERAMY LOTION BEDTIME 100ML YR14,BODY LOTION,Baby Cheramy,CREAM MILK LOTION
502470,BABY CHERAMY BEDTIME HEAD2TOE WASH 100ML,SHAMPOO,Baby Cheramy,REGULAR SHAMPOO
502471,BABY CHERAMY BEDTIME HEAD2TOE WASH 200ML,SHAMPOO,Baby Cheramy,REGULAR SHAMPOO
502472,BABY CHERAMY COLOGNE FUNTIME LD 50MLYR14,Cologne,Baby Cheramy,COLOGNE FUNTIME
502473,BABY CHERAMY COLOGNE FUNTIME LD100MLYR14,Cologne,Baby Cheramy,COLOGNE FUNTIME
502474,BABY CHERAMY COLOGNE FUNTIME KK 50MLYR14,Cologne,Baby Cheramy,COLOGNE FUNTIME
502475,BABY CHERAMY COLOGNE FUNTIME KK100MLYR14,Cologne,Baby Cheramy,COLOGNE FUNTIME
502476,BABY CHERAMY COLOGNE FUNTIME CB 50MLYR14,Cologne,Baby Cheramy,COLOGNE FUNTIME
502477,BABY CHERAMY COLOGNE FUNTIME CB100MLYR14,Cologne,Baby Cheramy,COLOGNE FUNTIME
502478,BABY CHERAMY COLOGNE FUNTIME AF 50MLYR14,Cologne,Baby Cheramy,COLOGNE FUNTIME
502479,BABY CHERAMY COLOGNE FUNTIME AF100MLYR14,Cologne,Baby Cheramy,COLOGNE FUNTIME
502484,BABY CHERAMY GIFT PACK CORE YR14,GIFT BOX,Baby Cheramy,GIFT BOX
502492,PARIS TALC FLORAL 85G WITH FREE COMB,Talc & Powder,PARIS,FLORAL TALC
502493,PARIS TALC JASMIN 85G WITH FREE COMB,Talc & Powder,PARIS,JASMINE TALC
502497,CHERAMY NAPPY WASH POWDER 400G YR14,NAPPY WASH POWDER,Cheramy,NAPPY WASH POWDER
502498,CHERAMY NAPPY WASH POWDER 1KG YR14,NAPPY WASH POWDER,Cheramy,NAPPY WASH POWDER
502500,CHERAMY BASIC TEATS,TEATS,Cheramy,TEAT
502501,CHERAMY BASIC X CUT TEATS,TEATS,Cheramy,TEAT
502502,CHERAMY BABY BOTTLE WASH 400ML,BOTTLE WASH,Cheramy,NAPPY WASH POWDER
502503,CHERAMY NAPPY WASH LIQUID 650ML,LIQIUD WASH,Cheramy,NAPPY WASH POWDER
502504,CHERAMY BASIC GLASS FEEDING BOTTEL 120ML,FEEDING BOTTLE,Cheramy,FEEDING BOTTLE
502505,CHERAMY BASIC GLASS FEEDING BOTTEL 240ML,FEEDING BOTTLE,Cheramy,FEEDING BOTTLE
502523,BABY CHERAMY TOY COLOGNE 3 PK (2LD+1LD),Cologne,Baby Cheramy,PLASTIC BOTTLE COLOGNE
502526,FEMS ASSORTMENT PACK SMALL,Sanitary Towels,Fems,SANITARY PROMO
502527,FEMS ASSORTMENT PACK LARGE,Sanitary Towels,Fems,SANITARY PROMO
502534,KUMARIKA  HAIR OIL SPLITEND CONTROL 50ML,Oil,KUMARIKA OIL,HAIR OIL
502560,CLOGARD MOUTHWASH 200ML,MOUTH WASH,Clogard Toothpaste,MOUTH WASH
502565,KM SHAMP RICE SPLIT END CONTROL 100ML,SHAMPOO,KUMARIKA,REGULAR SHAMPOO
502566,KM SHAMP ALOEVER DRYNESS CONTROL 100ML,SHAMPOO,KUMARIKA,REGULAR SHAMPOO
502567,KM SHAMPO HERBAL HAIR FALL COTROL 100ML,SHAMPOO,KUMARIKA,REGULAR SHAMPOO
502568,KM SHAMP RICE SPLIT END CONTROL 200ML,SHAMPOO,KUMARIKA,REGULAR SHAMPOO
502569,KM SHAMP ALOEVER DRYNESS CONTROL 200ML,SHAMPOO,KUMARIKA,REGULAR SHAMPOO
502570,KM SHAMPO HERBAL HAIR FALL COTROL 200ML,SHAMPOO,KUMARIKA,REGULAR SHAMPOO
502573,BIEN AIME COLOGNE 50ML,Cologne,Bien Aime,REGULAR COLOGNE
502574,BIEN AIME COLOGNE 100ML,Cologne,Bien Aime,REGULAR COLOGNE
502575,BIEN AIME COLOGNE 200ML,Cologne,Bien Aime,REGULAR COLOGNE
502584,PROSPORT AFTERSHAVE DEEP 90ML YR14,PS Cologne & Aftershave,ProSport,COLOGNE & AFTERSHAVE
502585,PROSPORT AFTERSHAVE EXTREME 90ML YR14,PS Cologne & Aftershave,ProSport,COLOGNE & AFTERSHAVE
502586,PROSPORT COLOGNE DEEP SPR 100ML YR14,PS Cologne & Aftershave,ProSport,COLOGNE & AFTERSHAVE
502587,PROSPORT COLOGNE EXTREME SPR 100ML YR14,PS Cologne & Aftershave,ProSport,COLOGNE & AFTERSHAVE
502588,BABY CHERAMY COLOGNE FUNTIME BUY2+1FREE,Cologne,Baby Cheramy,COLOGNE FUNTIME
502590,BABY CHER COL FTIME BUY2+1FREE(LD+KK+CB),Cologne,Baby Cheramy,COLOGNE FUNTIME
502598,PROSPORT EDT FRSH CURRENT  SPR 100ML,Cologne,ProSport,COLOGNE & AFTERSHAVE
502599,KUMARIKA HERBAL HAIR OIL 50ML HANGER PRO,Oil,KUMARIKA OIL,HAIR OIL
502601,GOLD DEO SPRAY RAVE 150ML,BODY SPRAY,GOLD,DEO SPRAY
502602,GOLD DEO SPRAY STORM 150ML,BODY SPRAY,GOLD,DEO SPRAY
502624,BABY CHERAMY SOAP ECONOMY PACK,Soap,Baby soap,REGULAR SOAP
502626,FEMS WESTERN PROVINCE PHARMACY REACHPACK,Sanitary Towels,Fems,SANITARY PROMO
502631,CHERAMY DIAPERS SMALL 4'S (IO)YR14,Diapers,Cheramy,DIAPERS
502632,CHERAMY DIAPERS MEDIUM 4'S (IO) YR14,Diapers,Cheramy,DIAPERS
502633,CHERAMY DIAPERS LARGE 4'S (IO) YR14,Diapers,Cheramy,DIAPERS
502634,CHERAMY DIAPERS XL 4'S (IO) YR14,Diapers,Cheramy,DIAPERS
502636,NIMEX POCKET TISSUE SINGLE,FACIAL TISSUE,Nimex,FACIAL TISSUE
502643,CLOGARD MOUTHWASH 50ML,MOUTH WASH,Clogard Toothpaste,MOUTH WASH
502659,KUMARIKA HAIR OIL 100ML+ FREE HAIRBAND,Oil,KUMARIKA OIL,HAIR OIL
502662,GOYA COLOGNE BLACK ROSE SPR35ML + BANGLE,Cologne,Goya,REGULAR COLOGNE
502663,GOYA COLOGNE JASMINE SPR35ML + BANGLE,Cologne,Goya,REGULAR COLOGNE
502665,GOYA COLOGNE GARDINIA SPR35ML + BANGLE,Cologne,Goya,REGULAR COLOGNE
502672,BABY CHERAMY GIFT PACK PINK YR14,GIFT BOX,Baby Cheramy,GIFT BOX
502673,BABY CHERAMY GIFT PACK BLUE YR14,GIFT BOX,Baby Cheramy,GIFT BOX
502694,CHERAMY DIAPERS SMALL 11'S (IO) YR 14,Diapers,Cheramy,DIAPERS
502695,CHERAMY DIAPERS MEDIUM 10'S (IO) YR 14,Diapers,Cheramy,DIAPERS
502696,CHERAMY DIAPERS LARGE 9'S (IO) YR 14,Diapers,Cheramy,DIAPERS
502697,CHERAMY DIAPERS XTRALARGE 8'S (IO) YR 14,Diapers,Cheramy,DIAPERS
502703,BABY CHERAMY SOAP FLORALMOIST 75G YR14,Soap,Baby soap,FLORAL SOAP
502704,BABY CHERAMY SOAP FLORALMOISTCONOMY PACK,Soap,Baby soap,FLORAL SOAP
502706,GOYA BODY SPR LOVE AFF 75ML + RING FREE,BODY SPRAY,Goya,BODY SPRAY
502707,GOYA BODY SPR SEC CRUSH 75ML + RING FREE,BODY SPRAY,Goya,BODY SPRAY
502708,GOYA BODY SPR MIS MAKER 75ML + RING FREE,BODY SPRAY,Goya,BODY SPRAY
502709,GOYA BODY SPR SUMM KISS 75ML + RING FREE,BODY SPRAY,Goya,BODY SPRAY
502713,BABY CHERAMY SOAP ASSORT BUY 11GET1FREE,Soap,Baby soap,REGULAR SOAP
502721,KUMARIKA SHM RICE 100ML+VV SOAPSAND&VENI,SHAMPOO,KUMARIKA,REGULAR SHAMPOO
502722,KUMARIKA SHM ALOE 100ML+VV SOAPSAND&VENI,SHAMPOO,KUMARIKA,REGULAR SHAMPOO
502723,KUMARIKA SHM HERB 100ML+VV SOAPSAND&VENI,SHAMPOO,KUMARIKA,REGULAR SHAMPOO
502735,GOLD DEOSPRAY CHALLENGE150ML WITH W/BAND,BODY SPRAY,GOLD,DEO SPRAY
502736,GOLD DEOSPRAY BLAZE 150ML WITH W/BAND,BODY SPRAY,GOLD,DEO SPRAY
502737,GOLD DEOSPRAY RAVE 150ML WITH W/BAND,BODY SPRAY,GOLD,DEO SPRAY
502738,GOLD DEOSPRAY STORM 150ML WITH W/BAND,BODY SPRAY,GOLD,DEO SPRAY
502745,BC CELEBRATION COL PK (2FLO+BTIME FREE),Cologne,Baby Cheramy,FLOWER COLOGNE
502773,BABY CHER SOAP ASSORT 11+1 (6COR+6FLOW),Soap,Baby soap,SOAP PROMOS
600001,CHERAMY DIAPERS SMALL 4'S,Diapers,Cheramy,DIAPERS
600003,CHERAMY DIAPERS MEDIUM 4'S,Diapers,Cheramy,DIAPERS
600004,CHERAMY DIAPERS MEDIUM 14'S,Diapers,Cheramy,DIAPERS
600005,CHERAMY DIAPERS LARGE 4'S,Diapers,Cheramy,DIAPERS
600006,CHERAMY DIAPERS LARGE 12'S,Diapers,Cheramy,DIAPERS
600007,CHERAMY DIAPERS X'LARGE 10'S,Diapers,Cheramy,DIAPERS
600021,GODREJ BLACK HENNA 3G,Sachet,GODREJ,HAIR DYE POWDER
600026,GODREJ HAIR DYE LIQUID 20ML,HAIR DYE,GODREJ,HAIR DYE LIQUID
600027,GODREJ HAIR DYE LIQUID 40ML,HAIR DYE,GODREJ,HAIR DYE LIQUID
600028,GODREJ HAIR DYE SACHET 3G old,Sachet,GODREJ,HAIR DYE POWDER
602506,NIMEX POCKET TISSUE SINGLE,FACIAL TISSUE,Nimex,FACIAL TISSUE
602536,NIMEX POCKET TISSUE 6 PACK,FACIAL TISSUE,Nimex,FACIAL TISSUE
602586,NIMEX PLASTIC DISPOSABLE CUPS,DISPOSABLE CUPS,Nimex,DISPOSABLE CUPS
602761,GODREJ HAIR DYE 3G+2 KUMARIKA SACHETFREE,HAIR DYE,GODREJ,HAIR DYE POWDER
603756,CHERAMY COTTON BUDS,COTTON BUDS,Cheramy,COTTON BUDS
604007,GODREJ RENEW COLOR CREAM BLACK 50ML,HAIR DYE,GODREJ,HAIR CREAM
604008,GODREJ RENEW COLOR CREAM BROWN 50ML,HAIR DYE,GODREJ,HAIR CREAM
604083,GODREJ RENEW COLOR CREAM BURGUNDY 50ML,HAIR DYE,GODREJ,HAIR CREAM
604187,GODREJ BLACK HENNA 3G (TRD),Sachet,GODREJ,HAIR DYE POWDER
604188,GODREJ HAIR DYE SACHET 3G (TRD),Sachet,GODREJ,HAIR DYE POWDER
604189,GODREJ HAIR DYE POWDER 10G (TRD),HAIR DYE,GODREJ,HAIR DYE POWDER
604354,NIMEX PAPER SERVIETTES 1 PLY 100 new,Paper Serviettes,Nimex,PAPER SERVIETTES
604604,GODREJ HAIR DYE LIQUID 20ML (TRD),HAIR DYE,GODREJ,HAIR DYE LIQUID
604605,GODREJ HAIR DYE LIQUID 40ML (TRD),HAIR DYE,GODREJ,HAIR DYE LIQUID
604927,GODREJ EXPERT ORIG.POW.H/DYE 3G NAT BLK,Sachet,GODREJ,HAIR DYE POWDER
604928,GODREJ EXPERT ORIG.POW.H/DYE 10G NAT BLK,HAIR DYE,GODREJ,HAIR DYE POWDER
604933,GODREJ HAIR DYE POWDER10G+GILLETE RAZOR,HAIR DYE,GODREJ,HAIR DYE POWDER
604956,GODREJ HENNA 3G SAC F 2 KM SH SAC(AL&HE),HAIR DYE,GODREJ,HAIR DYE POWDER
604957,GD POW HAIR DYE 10G WITH GILLETE RAZOR P,HAIR DYE,GODREJ,HAIR DYE POWDER
604969,GODREJ ADVAN NATURAL BLACK 5G (4SAC*48B),HAIR DYE,GODREJ,HAIR DYE POWDER
605045,GODREJ EXPERT ORIGINAL NA B VALUE KIT 3G,HAIR DYE,GODREJ,HAIR DYE POWDER
605047,GODREJ RENEW COLOR CREAM NATU BLACK 50ML,Hair Cream,GODREJ,HAIR CREAM
605048,GODREJ RENEW COLOR CREAM BURGUNDY 50ML,Hair Cream,GODREJ,HAIR CREAM
605134,GODREJ EXP RICH CRM HAIR COL KIT-N BLACK,Hair Cream,GODREJ,HAIR CREAM
605135,GODREJ EXP RICH CRM HAIR COL KIT-D BROWN,Hair Cream,GODREJ,HAIR CREAM
605136,GODREJ EXP RICH CRM REFILL PACK N BLACK,Hair Cream,GODREJ,HAIR CREAM
605137,GODREJ EXP RICH CRM REFILL PACK-D BROWN,Hair Cream,GODREJ,HAIR CREAM
605203,GODREJ BLACK HENNA 3G TEST MARKET,HAIR DYE,GODREJ,HAIR DYE POWDER
605359,GD RICH CRM REFILL NATURAL BLACK HANGER,Hair Cream,GODREJ,HAIR CREAM
605360,GD RICH CRM REFILL DARK BROWN HANGER,Hair Cream,GODREJ,HAIR CREAM
605435,GODREJ PHARMACY PACK,HAIR DYE,GODREJ,HAIR DYE POWDER
605464,CHERAMY COTTON BUDS NEW,COTTON BUDS,Cheramy,COTTON BUDS
605466,CHERAMY SAFTY BUDS,COTTON BUDS,Cheramy,COTTON BUDS
605467,CHERAMY BASIC DIAPERS SMALL 4'S YR14,Diapers,Cheramy,DIAPERS
605468,CHERAMY BASIC DIAPERS MEDIUM 4'S YR14,Diapers,Cheramy,DIAPERS
605469,CHERAMY BASIC DIAPERS LARGE 4'S YR14,Diapers,Cheramy,DIAPERS
605470,CHERAMY BASIC DIAPERS XL 4'S YR14,Diapers,Cheramy,DIAPERS
605471,CHERAMY BASIC DIAPERS SMALL 11'S YR14,Diapers,Cheramy,DIAPERS
605472,CHERAMY BASIC DIAPERS MEDIUM 10'S YR14,Diapers,Cheramy,DIAPERS
605473,CHERAMY BASIC DIAPERS LARGE 9'S YR14,Diapers,Cheramy,DIAPERS
605474,CHERAMY BASIC DIAPERS XL 8'S YR14,Diapers,Cheramy,DIAPERS
605621,GD RICH CRM REFILL NATURAL BROWN HANGER,Hair Cream,GODREJ,HAIR CREAM
605636,GODREJ RICH CRMREFILL PK-N BLACK HNGR1+1,Hair Cream,GODREJ,HAIR CREAM
605691,GODREJ HAIR DYE EXPERT 3G+GILLETTE RAZOR,HAIR DYE,GODREJ,HAIR DYE POWDER
605854,GODREJ EXPERT ORIG 3G SAC HANGER PROMO,HAIR DYE,GODREJ,HAIR DYE POWDER
